

DROP TABLE IF EXISTS `authors`;
CREATE TABLE IF NOT EXISTS `authors` (
  `author_id` int(11) NOT NULL AUTO_INCREMENT,
  `fname` varchar(30) DEFAULT NULL,
  `lname` varchar(30) DEFAULT NULL,
  `image` varchar(255) DEFAULT NULL,
  PRIMARY KEY (`author_id`)
) ENGINE=MyISAM AUTO_INCREMENT=209 DEFAULT CHARSET=latin1;

--
-- Dumping data for table `authors`
--

INSERT INTO `authors` (`author_id`, `fname`, `lname`, `image`) VALUES
(37, 'Gary', 'Lineker', NULL),
(201, 'Christiano', 'Ronaldo', 'christianoronaldo.jpg'),
(199, 'John', 'Helm', ''),
(19, 'Kevin', 'Keegan', 'kevinkeegan.jpg'),
(35, 'Eric', 'Cantona', 'ericcantona.jpg'),
(33, 'David', 'Pleat', NULL),
(136, 'Tony', 'Cottee', 'tonycottee.jpg'),
(21, 'Alan', 'Shearer', NULL),
(22, 'Alex', 'Ferguson', 'alexferguson.jpg'),
(24, 'Arsene', 'Wenger', 'arsenewenger.jpg'),
(25, 'Barry', 'Venison', NULL),
(26, 'Bill', 'Shankly', NULL),
(27, 'Bobby', 'Robson', 'bobbyrobson.jpg'),
(205, 'Jason', 'McAteer', 'jasonmcateer.jpg'),
(29, 'Chris', 'Kamara', 'chriskamara.jpg'),
(31, 'David', 'Beckham', 'davidbeckham.jpg'),
(32, 'David', 'OLeary', 'davidoleary.jpg'),
(200, 'Andy', 'Gray', ''),
(197, 'David', 'Coleman', ''),
(40, 'Giovanni', 'Trapattoni', NULL),
(41, 'Glen', 'Hoddle', 'glenhoddle.jpg'),
(42, 'Graeme', 'Souness', 'graemesouness.jpg'),
(44, 'Howard', 'Wilkinson', NULL),
(45, 'Ian', 'Rush', 'ianrush.jpg'),
(46, 'Ian', 'Wright', 'ianwright.jpg'),
(51, 'Mark', 'Lawrenson', NULL),
(52, 'Paul', 'Gascoigne', 'paulgascoigne.jpg'),
(202, 'Ade', 'Akinbiyi', ''),
(135, 'Andy', 'Townsend', 'andytownsend.jpg'),
(56, 'Ron', 'Atkinson', 'ronatkinson.jpg'),
(57, 'Ruud', 'Gullit', 'ruudgullit.jpg'),
(190, 'Tom', 'Tyrrell', ''),
(188, 'Ian', 'Crocker', ''),
(187, 'Clive', 'Tyldesley', ''),
(61, 'Terry', 'Venables', NULL),
(62, 'Trevor', 'Brooking', 'trevorbrooking.jpg'),
(186, 'Conor', 'Mcnamara', ''),
(64, 'Stuart', 'Hall', NULL),
(65, 'Ray', 'Wilkins', 'raywilkins.jpg'),
(207, 'Peter', 'Shilton', 'petershilton.jpg'),
(67, 'Chris', 'Jones', NULL),
(68, 'Dave', 'Bassett', NULL),
(69, 'Peter', 'Withe', NULL),
(70, 'Bruce', 'Rioch', 'brucerioch.jpg'),
(71, 'John', 'Motson', 'johnmotson.jpg'),
(72, 'Jimmy', 'Hill', NULL),
(73, 'Brian', 'Moore', NULL),
(74, 'Mike', 'Ingham', NULL),
(75, 'John', 'Greig', 'johngreig.jpg'),
(79, 'Alan', 'Green', NULL),
(80, 'Richard', 'Park', NULL),
(81, 'John', 'Lyall', NULL),
(82, 'Ron', 'Greenwood', 'rongreenwood.jpg'),
(83, 'Malcolm', 'McDonald', NULL),
(84, 'Ian', 'Dark', NULL),
(85, 'David', 'Acfield', NULL),
(86, 'Gerry', 'Francis', NULL),
(87, 'Mick', 'Lyons', NULL),
(88, 'Derek', 'Johnstone', 'derekjohnstone.jpg'),
(89, 'Barry', 'Davies', NULL),
(90, 'Dennis', 'Law', 'dennislaw.jpg'),
(91, 'Norman', 'Whiteside', NULL),
(92, 'Graham', 'Taylor', 'grahamtaylor.jpg'),
(93, 'Kenny', 'Dalglish', 'kennydalglish.jpg'),
(94, 'Jack', 'Charlton', 'jackcharlton.jpg'),
(97, 'Manuel', 'Lopera', NULL),
(98, 'Doug', 'Ellis', NULL),
(192, 'Darragh', 'Moloney', ''),
(100, 'Claudio', 'Ranieri', 'claudioraneri.jpg'),
(194, 'Graham', 'McGarry', ''),
(102, 'Sam', 'Allardyce', 'samallardyce.jpg'),
(103, 'Christian', 'Vieri', 'christianvieri.jpg'),
(196, 'George', 'Hamilton', ''),
(105, 'Dominic', 'Matteo', NULL),
(106, 'Hernan', 'Crespo', 'hernancrespo.jpg'),
(107, 'Antti', 'Niemi', NULL),
(108, 'Chris', 'Coleman', 'chriscoleman.jpg'),
(110, 'Robbie', 'Savage', 'robbiesavage.jpeg'),
(195, 'Jimmy', 'Magee', ''),
(112, 'Gerrard', 'Houllier', 'gerardhoullier.jpg'),
(113, 'Steve', 'Bruce', 'stevebruce.jpg'),
(114, 'Mick', 'McCarthy', 'mickmcarthy.jpg'),
(116, 'Paulo', 'Di Canio', 'paulodicanio.jpg'),
(117, 'Alan', 'Pardew', 'alanpardew.jpg'),
(118, 'Stan', 'Ternant', NULL),
(119, 'Glenn', 'Johnson', NULL),
(120, 'Dean', 'Kiely', NULL),
(193, 'Graham', 'Sellars', ''),
(189, 'Martin ', 'Tyler', ''),
(204, 'Thierry', 'Henry', 'thierryhenry.jpg'),
(125, 'Bryan', 'Robson', NULL),
(126, 'Stuart', 'Pearce', 'stuartpearce.jpg'),
(127, 'Paul', 'Ince', 'paulince.jpg'),
(128, 'Don', 'Goodman', NULL),
(129, 'Martin', 'Jol', 'martinjol.jpg'),
(130, 'David', 'Moyes', 'davidmoyes.jpg'),
(131, 'Rafa', 'Benitez', 'rafabenitez.jpg'),
(206, 'Terry', 'Butcher', 'terrybutcher.jpg'),
(191, 'Sam', 'Matterface', ''),
(132, 'Peter', 'Crouch', 'petercrouch.jpg'),
(133, 'Tony', 'Gubba', 'tonygubba.jpg'),
(134, 'Gordon', 'Strachan', 'gordonstrachan.jpg'),
(137, 'Ray', 'Parlour', 'rayparlour.jpg'),
(138, 'Mark', 'Noble', 'marknoble.jpeg'),
(139, 'Paul', 'Merson', 'paulmerson.jpg'),
(140, 'Jonathan', 'Pearce', 'jonathanpearce.jpg'),
(141, 'Stan', 'Collymore', ''),
(142, 'Clark', 'Carlisle', ''),
(143, 'Phil', 'Brown', ''),
(144, 'John', 'Hollins', ''),
(145, 'Mark', 'Viduka', 'markviduka.jpg'),
(146, 'Neville', 'Southall', 'nevillesouthall.jpg'),
(147, 'Mark', 'Draper', ''),
(148, 'Mitchell', 'Thomas', ''),
(149, 'Steve', 'Lomas', ''),
(150, 'Ronnie', 'Wheelan', ''),
(168, 'Graham', 'Roberts', ''),
(158, 'Jurgen', 'Klopp', 'jurgenklopp.jpg'),
(159, 'Bob', 'Paisley', 'bobpaisley.jpg'),
(160, 'Dion', 'Dublin', 'diondublin.jpg'),
(161, 'Michael', 'Owen', 'michaelowen.jpg'),
(162, 'Louis', 'Van Gaal', 'louisvangaal.jpg'),
(163, 'Jose', 'Mourinho', 'josemourinho.jpg'),
(164, 'Brendan', 'Rodgers', 'brendanrodgers.jpg'),
(165, 'George', 'Weah', 'georgeweah.jpg'),
(166, 'Brian', 'Clough', 'brianclough.jpg'),
(167, 'Charlie', 'Nicholas', ''),
(169, 'Lawrie', 'McMenemy', ''),
(170, 'Peter ', 'Jones', ''),
(171, 'Bob', 'Wilson', 'bobwilson.jpg'),
(172, 'Byron', 'Butler', ''),
(173, 'Chris', 'Waddle', 'chriswaddle.jpg'),
(174, 'Pete', 'Davies', ''),
(175, 'Clinton', 'Morrison', ''),
(176, 'Ian', 'Holloway', 'ianholloway.jpg'),
(177, 'John', 'Barnes', 'johnbarnes.jpg'),
(178, 'Zlatan', 'Ibrahimovich', 'zlatanibrahimovic.jpg'),
(179, 'Mario', 'Balotelli', 'mariobalotelli.jpg'),
(180, 'Harry', 'Redknapp', 'harryredknapp.jpg'),
(181, 'Berti', 'Vogts', 'bertivogts.jpg'),
(182, 'Ray', 'Hudson', ''),
(183, 'Frank', 'Lampard', 'franklampard.jpg'),
(184, 'Georgi', 'Hristov', ''),
(185, 'Wayne', 'Rooney', 'waynerooney.jpg'),
(208, 'Unknown', 'Commentator', '');

-- --------------------------------------------------------

--
-- Table structure for table `blog`
--

DROP TABLE IF EXISTS `blog`;
CREATE TABLE IF NOT EXISTS `blog` (
  `id` int(11) NOT NULL AUTO_INCREMENT,
  `author` varchar(30) DEFAULT NULL,
  `title` text,
  `body` text,
  `added` timestamp NULL DEFAULT CURRENT_TIMESTAMP,
  PRIMARY KEY (`id`)
) ENGINE=MyISAM AUTO_INCREMENT=3 DEFAULT CHARSET=latin1;

--
-- Dumping data for table `blog`
--

INSERT INTO `blog` (`id`, `author`, `title`, `body`, `added`) VALUES
(1, 'kio', 'hip', 'Lorem ipsum dolor sit amet, consectetur adipiscing elit, sed do eiusmod tempor incididunt ut labore et dolore magna aliqua. At consectetur lorem donec massa sapien. Egestas quis ipsum suspendisse ultrices gravida dictum fusce. Sit amet aliquam id diam maecenas ultricies mi eget mauris. Tortor pretium viverra suspendisse potenti. Adipiscing elit ut aliquam purus sit amet luctus. Quis hendrerit dolor magna eget est lorem ipsum. Nunc sed blandit libero volutpat. Hendrerit gravida rutrum quisque non. Nullam eget felis eget nunc lobortis mattis aliquam. Vulputate odio ut enim blandit volutpat. Auctor neque vitae tempus quam pellentesque nec nam aliquam. Odio pellentesque diam volutpat commodo. Massa sapien faucibus et molestie. Egestas erat imperdiet sed euismod nisi porta lorem. Aenean pharetra magna ac placerat vestibulum lectus mauris. Egestas tellus rutrum tellus pellentesque eu. Consectetur adipiscing elit ut aliquam. Euismod lacinia at quis risus sed vulputate.\r\n\r\nLobortis feugiat vivamus at augue eget arcu dictum varius. Imperdiet dui accumsan sit amet nulla facilisi morbi tempus iaculis. Phasellus faucibus scelerisque eleifend donec pretium vulputate sapien nec. Aliquet porttitor lacus luctus accumsan tortor posuere ac. Nisi lacus sed viverra tellus in hac habitasse platea dictumst. Fermentum et sollicitudin ac orci phasellus egestas tellus. In arcu cursus euismod quis. Blandit massa enim nec dui. Hac habitasse platea dictumst quisque sagittis. Iaculis eu non diam phasellus vestibulum.\r\n\r\nInteger feugiat scelerisque varius morbi enim nunc faucibus a. Ut eu sem integer vitae. Tincidunt augue interdum velit euismod in pellentesque massa placerat. At ultrices mi tempus imperdiet nulla malesuada pellentesque. Ridiculus mus mauris vitae ultricies leo integer malesuada nunc. Mauris ultrices eros in cursus turpis massa tincidunt dui ut. Congue mauris rhoncus aenean vel elit. Leo duis ut diam quam nulla porttitor massa id neque. Lacus sed viverra tellus in. Pellentesque eu tincidunt tortor aliquam nulla facilisi.\r\n\r\nViverra accumsan in nisl nisi. Auctor augue mauris augue neque gravida in fermentum et sollicitudin. Pellentesque id nibh tortor id aliquet lectus proin nibh nisl. Diam maecenas sed enim ut sem. Nibh ipsum consequat nisl vel pretium lectus quam. Convallis a cras semper auctor neque vitae. Condimentum lacinia quis vel eros donec ac odio. Tellus elementum sagittis vitae et leo duis ut. Libero id faucibus nisl tincidunt eget nullam non nisi est. Maecenas pharetra convallis posuere morbi leo urna molestie. Urna porttitor rhoncus dolor purus non enim praesent elementum facilisis. Consectetur adipiscing elit ut aliquam purus sit amet luctus.\r\n\r\nFacilisi morbi tempus iaculis urna id volutpat lacus laoreet. Parturient montes nascetur ridiculus mus mauris vitae ultricies leo integer. Et ligula ullamcorper malesuada proin libero nunc. Nisl vel pretium lectus quam id leo in. Dapibus ultrices in iaculis nunc sed augue lacus viverra. Leo urna molestie at elementum eu facilisis sed odio. Neque viverra justo nec ultrices dui. Lacus vestibulum sed arcu non. Cursus risus at ultrices mi. Aliquam vestibulum morbi blandit cursus risus at ultrices mi tempus. Suspendisse sed nisi lacus sed viverra tellus in hac habitasse. Elementum curabitur vitae nunc sed velit dignissim. Id diam vel quam elementum.\r\n\r\nAenean pharetra magna ac placerat vestibulum lectus mauris ultrices. Tincidunt vitae semper quis lectus nulla at volutpat diam ut. Turpis egestas integer eget aliquet. Arcu dictum varius duis at consectetur lorem donec massa. Consectetur a erat nam at. Eget velit aliquet sagittis id consectetur purus ut faucibus pulvinar. Molestie nunc non blandit massa. Quis imperdiet massa tincidunt nunc pulvinar sapien et ligula. Dui sapien eget mi proin sed libero enim sed faucibus. Fringilla est ullamcorper eget nulla facilisi etiam dignissim. Urna nec tincidunt praesent semper feugiat nibh sed pulvinar. Purus semper eget duis at tellus at urna condimentum mattis. Et pharetra pharetra massa massa ultricies. Facilisi cras fermentum odio eu feugiat pretium nibh ipsum consequat.\r\n\r\nLorem ipsum dolor sit amet, consectetur adipiscing elit, sed do eiusmod tempor incididunt ut labore et dolore magna aliqua. At consectetur lorem donec massa sapien. Egestas quis ipsum suspendisse ultrices gravida dictum fusce. Sit amet aliquam id diam maecenas ultricies mi eget mauris. Tortor pretium viverra suspendisse potenti. Adipiscing elit ut aliquam purus sit amet luctus. Quis hendrerit dolor magna eget est lorem ipsum. Nunc sed blandit libero volutpat. Hendrerit gravida rutrum quisque non. Nullam eget felis eget nunc lobortis mattis aliquam. Vulputate odio ut enim blandit volutpat. Auctor neque vitae tempus quam pellentesque nec nam aliquam. Odio pellentesque diam volutpat commodo. Massa sapien faucibus et molestie. Egestas erat imperdiet sed euismod nisi porta lorem. Aenean pharetra magna ac placerat vestibulum lectus mauris. Egestas tellus rutrum tellus pellentesque eu. Consectetur adipiscing elit ut aliquam. Euismod lacinia at quis risus sed vulputate.\r\n\r\nLobortis feugiat vivamus at augue eget arcu dictum varius. Imperdiet dui accumsan sit amet nulla facilisi morbi tempus iaculis. Phasellus faucibus scelerisque eleifend donec pretium vulputate sapien nec. Aliquet porttitor lacus luctus accumsan tortor posuere ac. Nisi lacus sed viverra tellus in hac habitasse platea dictumst. Fermentum et sollicitudin ac orci phasellus egestas tellus. In arcu cursus euismod quis. Blandit massa enim nec dui. Hac habitasse platea dictumst quisque sagittis. Iaculis eu non diam phasellus vestibulum.\r\n\r\nInteger feugiat scelerisque varius morbi enim nunc faucibus a. Ut eu sem integer vitae. Tincidunt augue interdum velit euismod in pellentesque massa placerat. At ultrices mi tempus imperdiet nulla malesuada pellentesque. Ridiculus mus mauris vitae ultricies leo integer malesuada nunc. Mauris ultrices eros in cursus turpis massa tincidunt dui ut. Congue mauris rhoncus aenean vel elit. Leo duis ut diam quam nulla porttitor massa id neque. Lacus sed viverra tellus in. Pellentesque eu tincidunt tortor aliquam nulla facilisi.\r\n\r\nViverra accumsan in nisl nisi. Auctor augue mauris augue neque gravida in fermentum et sollicitudin. Pellentesque id nibh tortor id aliquet lectus proin nibh nisl. Diam maecenas sed enim ut sem. Nibh ipsum consequat nisl vel pretium lectus quam. Convallis a cras semper auctor neque vitae. Condimentum lacinia quis vel eros donec ac odio. Tellus elementum sagittis vitae et leo duis ut. Libero id faucibus nisl tincidunt eget nullam non nisi est. Maecenas pharetra convallis posuere morbi leo urna molestie. Urna porttitor rhoncus dolor purus non enim praesent elementum facilisis. Consectetur adipiscing elit ut aliquam purus sit amet luctus.\r\n\r\nFacilisi morbi tempus iaculis urna id volutpat lacus laoreet. Parturient montes nascetur ridiculus mus mauris vitae ultricies leo integer. Et ligula ullamcorper malesuada proin libero nunc. Nisl vel pretium lectus quam id leo in. Dapibus ultrices in iaculis nunc sed augue lacus viverra. Leo urna molestie at elementum eu facilisis sed odio. Neque viverra justo nec ultrices dui. Lacus vestibulum sed arcu non. Cursus risus at ultrices mi. Aliquam vestibulum morbi blandit cursus risus at ultrices mi tempus. Suspendisse sed nisi lacus sed viverra tellus in hac habitasse. Elementum curabitur vitae nunc sed velit dignissim. Id diam vel quam elementum.\r\n\r\nAenean pharetra magna ac placerat vestibulum lectus mauris ultrices. Tincidunt vitae semper quis lectus nulla at volutpat diam ut. Turpis egestas integer eget aliquet. Arcu dictum varius duis at consectetur lorem donec massa. Consectetur a erat nam at. Eget velit aliquet sagittis id consectetur purus ut faucibus pulvinar. Molestie nunc non blandit massa. Quis imperdiet massa tincidunt nunc pulvinar sapien et ligula. Dui sapien eget mi proin sed libero enim sed faucibus. Fringilla est ullamcorper eget nulla facilisi etiam dignissim. Urna nec tincidunt praesent semper feugiat nibh sed pulvinar. Purus semper eget duis at tellus at urna condimentum mattis. Et pharetra pharetra massa massa ultricies. Facilisi cras fermentum odio eu feugiat pretium nibh ipsum consequat.', '2022-01-09 14:46:35');

-- --------------------------------------------------------

--
-- Table structure for table `quotes`
--

DROP TABLE IF EXISTS `quotes`;
CREATE TABLE IF NOT EXISTS `quotes` (
  `id` int(11) NOT NULL AUTO_INCREMENT,
  `summary` text NOT NULL,
  `quote` text NOT NULL,
  `author_id` int(11) DEFAULT NULL,
  `team_id` int(11) DEFAULT NULL,
  `added` timestamp NULL DEFAULT CURRENT_TIMESTAMP,
  `votes` int(11) DEFAULT '0',
  `score` int(11) DEFAULT NULL,
  PRIMARY KEY (`id`),
  KEY `author_id` (`author_id`),
  KEY `team_id` (`team_id`)
) ENGINE=MyISAM AUTO_INCREMENT=323 DEFAULT CHARSET=latin1;

--
-- Dumping data for table `quotes`
--

INSERT INTO `quotes` (`id`, `summary`, `quote`, `author_id`, `team_id`, `added`, `votes`, `score`) VALUES
(269, 'Irreplaceable', 'He is the man who has been brought on to replace Pavel Nedved. The irreplaceable Pavel Nedved.', 187, 105, '2022-01-10 13:57:15', 0, NULL),
(268, 'Self love', 'The Spurs players hug themselves in celebration.', 186, 30, '2022-01-10 13:56:40', 0, NULL),
(256, 'Legless', 'There are kids out there who\'d chop their legs off to play football for Brighton.', 110, 103, '2022-01-03 11:46:28', 0, NULL),
(270, 'Silly', 'Neither side wants to do anything silly at this stage, except score.', 188, 95, '2022-01-10 13:57:41', 0, NULL),
(271, 'Riding defenders', 'Giggs drops deep into that Sheringham position where he can turn and ride defenders.', 189, 16, '2022-01-10 13:58:15', 0, NULL),
(17, 'Crumble like a wreck', 'I\'m just going to crumble like a wreck. I\'ll go home, become an alcoholic and maybe jump of a bridge.', 134, 14, '2021-12-16 23:44:20', 0, NULL),
(18, 'Kicking where?', 'Unfortunately, we keep kicking ourselves in the foot.', 65, 19, '2021-12-16 23:44:56', 0, NULL),
(19, 'Life after football', 'What will you do when you leave football, Jack - will you stay in football?', 64, 93, '2021-12-16 23:47:09', 0, NULL),
(20, 'Giant shadows', 'The new West Stand casts a giant shadow over the entire pitch, even on a sunny day.', 67, 94, '2021-12-16 23:49:32', 0, NULL),
(21, 'The best left winger', 'I would not say he [David Ginola] is the best left winger in the Premiership, but there are none better.', 56, 30, '2021-12-16 23:50:10', 0, NULL),
(22, 'Either side of the post', 'An inch or two either side of the post and that would have been a goal.', 68, 95, '2021-12-16 23:51:12', 0, NULL),
(23, 'You do the math', 'Both sides have scored a couple of goals, and both sides have conceded a couple of goals.', 69, 93, '2021-12-16 23:51:42', 0, NULL),
(24, 'A holy experience', 'What\'s it like being in Bethlehem, the place where Christmas began? I suppose it\'s like seeing Ian Wright at Arsenal.', 70, 14, '2021-12-16 23:52:09', 0, NULL),
(25, 'Out it but in it', 'And I suppose they [Spurs] are nearer to being out of the FA Cup now than at any other time since the first half of this season, when they weren\'t ever in it anyway.', 71, 93, '2021-12-16 23:52:44', 0, NULL),
(26, 'Prediction time', 'I never make predictions, and I never will.', 52, 26, '2021-12-16 23:53:15', 0, NULL),
(27, 'Cold, in the cold', 'And there\'s Ray Clemence looking as cool as ever out in the cold.', 72, 93, '2021-12-16 23:53:42', 0, NULL),
(28, 'Warming up well', 'And the news from Guadalajara where the temperature is 96 degrees, is that Falcao is warming up.', 73, 93, '2021-12-16 23:54:14', 0, NULL),
(29, 'History repeating', 'If history is going to repeat itself I should think we can expect the same thing again.', 61, 93, '2021-12-16 23:54:41', 0, NULL),
(30, 'Hungry Uruguayans', 'The Uruguayans are losing no time in making a meal around the referee.', 74, 93, '2021-12-16 23:55:05', 0, NULL),
(31, 'Cool panic', 'I think that was a moment of cool panic there.', 56, 96, '2021-12-16 23:56:18', 0, NULL),
(32, 'Unconventional gambling', 'Beckenbauer really has gambled all his eggs.', 56, 96, '2021-12-16 23:56:44', 0, NULL),
(33, 'Something up his sleeve', 'Celtic manager Davie Hay still has a fresh pair of legs up his sleeve.', 75, 78, '2021-12-16 23:57:10', 0, NULL),
(34, 'First time since the last time', 'Tottenham are trying tonight to become the first London team to win this Cup. The last team to do so was the 1973 Spurs side.', 74, 93, '2021-12-16 23:57:36', 0, NULL),
(35, 'Very fast indeed', 'He\'s very fast and if he gets a yard ahead of himself nobody will catch him.', 27, 96, '2021-12-16 23:57:57', 0, NULL),
(36, 'Dodgy scales', 'The game is balanced in Arsenal\'s favour.', 71, 14, '2021-12-16 23:58:23', 0, NULL),
(37, 'Match duration revelation', 'Merseyside derbies usually last 90 minutes and I\'m sure today\'s won\'t be any different.', 62, 93, '2021-12-16 23:58:48', 0, NULL),
(38, 'Miss to score', 'You have got to miss them to score sometimes.', 68, 48, '2021-12-16 23:59:17', 0, NULL),
(39, 'Contractual realities', 'A contract on a piece of paper, saying you want to leave, is like a piece of paper saying you want to leave.', 78, 93, '2021-12-17 00:00:03', 0, NULL),
(40, 'Getting a grip on knockouts', 'And I honestly believe we can go all the way to Wembley...unless somebody knocks us out.', 68, 48, '2021-12-17 00:01:37', 0, NULL),
(41, 'Plain sailing', 'It was that game that put the Everton ship back on the road.', 79, 93, '2021-12-17 00:01:56', 0, NULL),
(42, 'Two attacks, one ball', 'What makes this game so delightful is that when both teams get the ball they are attacking their opponents goal.', 72, 93, '2021-12-17 00:02:47', 0, NULL),
(43, 'Off the rails', 'Celtic were at one time nine points ahead, but somewhere along the road, their ship went off the rails.', 80, 93, '2021-12-17 00:03:14', 0, NULL),
(44, 'Two sneaky goals', 'That\'s football, Mike, Northern Ireland have had several chances and haven\'t scored but England have had no chances and scored twice.', 62, 84, '2021-12-17 00:03:46', 0, NULL),
(45, 'Shakey winds', 'In terms of the Richter Scale this defeat was a force eight gale.', 81, 44, '2021-12-17 00:04:12', 0, NULL),
(46, 'No comparison', 'In comparison, there\'s no comparison.', 82, 84, '2021-12-17 00:04:39', 0, NULL),
(47, 'Even worse than reality', 'I would also think that the action replay showed it to be worse than it actually was.', 56, 96, '2021-12-17 00:05:02', 0, NULL),
(48, 'Lots of shots', 'Mirandinha will have more shots this afternoon than both sides put together.', 83, 24, '2021-12-17 00:05:31', 0, NULL),
(49, 'Unbeating and winning', 'Newcastle, of course, unbeaten in their last five wins.', 73, 24, '2021-12-17 00:05:54', 0, NULL),
(50, 'Speed of light', 'Football\'s not like an electric light. You can\'t just flick the switch and change from quick to slow.', 75, 78, '2021-12-17 00:06:24', 0, NULL),
(51, '0-0 and no score', 'And with 4 minutes gone, the score is already 0-0.', 84, 93, '2021-12-17 00:06:58', 0, NULL),
(52, 'The magic of slow motion', 'Strangely, in slow motion replay, the ball seemed to hang in the air for even longer.', 85, 93, '2021-12-17 00:07:19', 0, NULL),
(53, 'Writing in the ether', 'What I said to them at half time would be unprintable on the radio.', 86, 30, '2021-12-17 00:07:48', 0, NULL),
(54, 'The secret of consistency', 'If we played like this every week, we wouldn\'t be so inconsistant.', 125, 26, '2021-12-17 00:08:19', 0, NULL),
(55, 'A world without football', 'If there weren\'t such a thing as football, we\'d all be frustrated footballers.', 87, 21, '2021-12-17 00:09:05', 0, NULL),
(56, 'A rare footballer', 'He\'s one of those footballers whose brains are in his head.', 88, 93, '2021-12-17 00:09:31', 0, NULL),
(57, 'All seeing crowd', 'The crowd think that Todd handled the ball...they must have seen something that nobody else did.', 89, 96, '2021-12-17 00:10:01', 0, NULL),
(58, 'The end of the tunnel revealed', 'I can see the carrot at the end of the tunnel.', 126, 84, '2021-12-17 00:10:30', 0, NULL),
(59, 'Same yet different', 'They compare Steve McManaman to Steve Highway and he\'s nothing like him, but I can see why - it\'s because he\'s a bit different.', 19, 18, '2021-12-17 00:11:06', 0, NULL),
(60, 'Not the same Hoddle', 'Glen Hoddle hasn\'t been the Hoddle we know. Neither has Bryan Robson.', 82, 84, '2021-12-17 00:11:34', 0, NULL),
(61, 'Only one Ryan Giggs, and he\'s not Best', 'There\'s no way Ryan Giggs is another George Best. He\'s another Ryan Giggs.', 90, 16, '2021-12-17 00:12:05', 0, NULL),
(62, 'Just like George Best', 'The only thing I have in common with George Best is that we come from the same place, play for the same club and were discovered by the same man.', 91, 16, '2021-12-17 00:12:35', 0, NULL),
(63, 'No comment', 'I never comment on referees and I\'m not going to break the habit of a lifetime for that prat.', 56, 93, '2021-12-17 00:13:00', 0, NULL),
(64, 'Big and small', 'I don\'t think there is anybody bigger or smaller than Maradona.', 19, 93, '2021-12-17 00:13:37', 0, NULL),
(65, 'Enjoying the silence', 'The minute\'s silence was immaculate, I have never heard a minute\'s silence like that.', 41, 93, '2021-12-17 00:14:03', 0, NULL),
(66, 'Realities of age', 'When a player gets to 30, so does his body.', 41, 84, '2021-12-17 00:14:31', 0, NULL),
(67, 'Growing lad', 'I was a young lad when I was growing up.', 32, 15, '2021-12-17 00:14:55', 0, NULL),
(68, '102%', 'We must have had 99% of the game. It was the other three per cent that cost us the match.', 57, 24, '2021-12-17 00:15:36', 0, NULL),
(69, 'Continental philosophy', 'The philosophy of a lot of European teams, even in home matches, is not to give a goal away.', 22, 16, '2021-12-17 00:16:02', 0, NULL),
(70, 'A year older', 'In a year\'s time, he\'s a year older.', 27, 93, '2021-12-17 00:16:27', 0, NULL),
(71, 'Most important time', 'The first 90 minutes are the most important.', 27, 93, '2021-12-17 00:16:44', 0, NULL),
(72, 'Super fitness required', 'Shearer could be at 100% fitness, but not peak fitness.', 92, 84, '2021-12-17 00:17:12', 0, NULL),
(73, 'Repeating himself', 'As I\'ve said before and I\'ve said it in the past...', 93, 18, '2021-12-17 00:17:35', 0, NULL),
(74, 'No legs required', 'He was a player that hasn\'t had to use his legs even when he was nineteen years of age because his first two yards were in his head.', 41, 84, '2021-12-17 00:18:00', 0, NULL),
(75, 'Every day is like Sunday', 'I\'ve seen them on television on a Sunday morning most days of the week.', 94, 93, '2021-12-17 00:18:24', 0, NULL),
(76, 'The importance of the second half', 'People always remember the second half.', 92, 14, '2021-12-17 00:18:47', 0, NULL),
(77, 'Why did they have to score', 'If they hadn\'t scored, we would\'ve won.', 44, 27, '2021-12-17 00:19:10', 0, NULL),
(78, 'It\'s Di Canio\'s goal', 'Paolo Di Canio is capable of scoring the goal he scored.', 125, 26, '2021-12-17 00:19:34', 0, NULL),
(79, 'Think positively', 'It was a game we should have won. We lost it because we thought we were going to win it. But then again, I thought that there was no way we were going to get a result there.', 94, 76, '2021-12-17 00:19:58', 0, NULL),
(80, 'Alternative alternatives', 'I have a number of alternatives, and each one gives me something different.', 41, 84, '2021-12-17 00:20:20', 0, NULL),
(81, 'A hard day\'s night', 'It wasn\'t going to be our day on the night.', 125, 26, '2021-12-17 00:20:51', 0, NULL),
(82, 'Life in the goldfish bowl', 'Very few of us have any idea whatsoever of what life is like living in a goldfish bowl, except, of course, for those of us who are goldfish.', 92, 14, '2021-12-17 00:21:15', 0, NULL),
(83, 'Getting dressed in the kitchen', 'If you can\'t stand the heat in the dressing room, get out of the kitchen.', 61, 84, '2021-12-17 00:21:41', 0, NULL),
(84, 'Bon voyage', 'He [Joaquin] has three years left on his contract, not three months. In that time many things can happen, he could renew, he could go free to another club, he could get injured and he may even given up football or die in an aeroplane accident.', 97, 89, '2021-12-17 00:22:10', 0, NULL),
(85, 'No sitting', 'I\'ll quit when I can no longer stand up.', 98, 15, '2021-12-17 00:22:35', 0, NULL),
(86, 'Inspirational leadership', 'Can we become champions? Of course not. Only a stupid man would think we can.', 100, 19, '2021-12-17 00:23:50', 0, NULL),
(87, 'One small problem', 'Our major problem is that we don\'t know how to play football', 102, 33, '2021-12-17 00:24:17', 0, NULL),
(88, 'Christian diplomacy', 'It\'s better I don\'t meet the club\'s officers any more, they don\'t listen to my suggestions and I\'ll just get angry and hang them on the wall.', 103, 90, '2021-12-17 00:24:51', 0, NULL),
(89, 'Alternative medicine', 'He [the Doctor] tried everything. I had goose liver, calf\'s liver and juices from a turkey\'s head injected into me.', 105, 40, '2021-12-17 00:25:23', 0, NULL),
(90, 'Twins', 'It\'s true the club has only seen my useless twin brother so far because my shooting in front of goal all depends on split-second timing and I can\'t pretend I\'ve got it right yet.', 106, 19, '2021-12-17 00:25:57', 0, NULL),
(91, 'On being 4th', 'I\'m going home now to get myself a Coca-Cola and a packet of crisps and I\'ll sit in front of the television and look at the table on Teletext all night.', 134, 48, '2021-12-17 00:26:25', 0, NULL),
(92, 'Catch flu', 'I\'ve been training for just over a month now but for the first two weeks of that I couldn\'t even catch flu.', 107, 48, '2021-12-17 00:26:51', 0, NULL),
(93, 'Perks of management', 'I can\'t sleep, I can\'t nod off, I can\'t go out for a beer with the lads like I used to, I think about the job all the time and I\'m losing my hair and losing all my mates.', 108, 29, '2021-12-17 00:27:22', 0, NULL),
(94, 'Ince on Danny Mills', 'The free kick was a disgrace. It was b*****ks. Danny Mills is just an idiot.', 127, 26, '2021-12-17 00:28:01', 0, NULL),
(95, 'Ellis not mincing his words', 'I\'ve not spoken with Balaban other than when he came back to Aston Villa after the summer, I said, \'you\'re back\' and he said, \'you remember me then? I said, \'I\'ll never forget you, the money I paid for you, my son\'. I also told him he had put some weight on.', 98, 15, '2021-12-17 00:28:38', 0, NULL),
(96, 'Tell your friends', 'When you (Jardel) go and speak to your mates and they ask what you contributed to the game and you say \'I fell, I fell like a big Jessie\'.', 134, 48, '2021-12-17 00:29:07', 0, NULL),
(97, 'Too heavy to fall', 'He\'s a big guy (Jardel) and at 15 stone to fall like that...my grandson weighs two and a half stone and he wouldn\'t have fallen.', 134, 48, '2021-12-17 00:29:38', 0, NULL),
(98, 'Computer virus', 'Pahars has also caught every virus going except a computer virus and he is probably working on that even now.', 134, 48, '2021-12-17 00:30:38', 0, NULL),
(99, 'The tender touch', 'People need different types of management and Emile (Heskey) needs cuddling. He needs to know he is liked around the place - and he is loved here.', 112, 18, '2021-12-17 00:31:07', 0, NULL),
(100, 'Keep smiling', 'I’ve slept with a coat hanger in my mouth to keep the smile on my face these last couple of days.', 114, 91, '2021-12-17 00:32:05', 0, NULL),
(101, 'A paternal touch', 'I forgive him. It\'s like when you have a child who makes a mistake, even if it\'s a big mistake, you try to understand and try to explain. That\'s because he is your child.', 112, 18, '2021-12-17 00:32:45', 0, NULL),
(102, 'A bit of a muddle', 'If I don’t have an ambition of managing AC Milan or England then it lies in managing Charlton, for example, which there’s an outside chance with the connection I’ve got. No disrespect to Charlton but is that me fulfilled? No, it’s not what I want.', 117, 31, '2021-12-17 00:33:20', 0, NULL),
(103, 'Not value for money', 'I would rather walk away from the job than watch any more of that. I am absolutely sick to death of it. They are nicking money while people are paying their hard earned cash to go and see them.', 118, 43, '2021-12-17 00:33:51', 0, NULL),
(104, 'Lazy boys', 'I am not going to keep carrying the can for the players. They are not having a go and they are bone idle.', 118, 43, '2021-12-17 00:34:18', 0, NULL),
(105, 'You little girl', 'Taricco fell over and his feet were in the air. He pushed them out and hit me in the chest on purpose and, as some foreigners do, he was rolling around like a little girl.', 119, 20, '2021-12-17 00:35:05', 0, NULL),
(106, 'Shearer vs Bellamy', 'You\'ve got both ends of the spectrum at Newcastle. On the one hand there\'s Alan Shearer, who is rightly regarded as an ambassador for the game. And then there\'s Craig Bellamy.', 120, 24, '2021-12-17 00:35:48', 0, NULL),
(107, 'Valencia layabouts', 'Valencia spoiled the game, they laid down and they stayed down', 24, 14, '2021-12-17 00:36:17', 0, NULL),
(108, 'Andy O\'Brien\'s nose', 'Andy O\'Brien has an horrendous nose, the poor lad. It is massive, it is black and blue and it is awful.', 27, 96, '2021-12-17 00:36:45', 0, NULL),
(109, 'Better tackle than Tyson', 'Titus looks like Tyson when he strips off in the dressing-room, except he doesn\'t bite. And he has a great tackle.', 27, 24, '2021-12-17 00:37:15', 0, NULL),
(110, 'Underestimating Cameroon', 'We didn\'t underestimate them. They were a lot better than we thought.', 27, 84, '2021-12-17 00:37:38', 0, NULL),
(111, 'Bobby borrowing from Hitler', 'Hitler didn\'t tell us when he was going to send over those doodlebugs, did he?', 27, 84, '2021-12-17 00:38:05', 0, NULL),
(112, 'World cup (in France)', 'We\'re taking 22 players to Italy, sorry, to Spain...where are we, Jim?', 27, 84, '2021-12-17 00:38:32', 0, NULL),
(113, 'Scoring more than Brazil', 'There will be a game where somebody scores more than Brazil and that might be the game that they lose.', 27, 84, '2021-12-17 00:38:59', 0, NULL),
(114, 'Two weeks or 14 days', 'Steve Hodge has been unfit for two weeks, well, no, for 14 days.', 27, 93, '2021-12-17 00:39:25', 0, NULL),
(115, 'Day or night', 'Ray Wilkins\' day will come one night.', 27, 84, '2021-12-17 00:39:46', 0, NULL),
(116, 'Towels, guns, and pressure', 'Tottenham have impressed me: they haven\'t thrown in the towel even though they have been under the gun.', 27, 30, '2021-12-17 00:40:13', 0, NULL),
(117, 'B.C. trees', 'Look at those olive trees. They\'re two hundred years old – from before the time of Christ!', 27, 84, '2021-12-17 00:40:38', 0, NULL),
(118, 'Girl power', 'If we invite any player up to the Quayside to see the girls and then up to our magnificent stadium, we will be able to persuade any player to sign.', 27, 24, '2021-12-17 00:41:03', 0, NULL),
(119, 'No monks at Newcastle United', 'They can\'t be monks - we don\'t want them to be monks, we want them to be football players because a monk doesn\'t play football at this level.', 27, 24, '2021-12-17 00:41:28', 0, NULL),
(120, 'Neck and neck', 'They\'re two points behind us, so we\'re neck and neck.', 27, 24, '2021-12-17 00:41:50', 0, NULL),
(121, 'On the fence', 'I\'d say he\'s the best in Europe, if you put me on the fence.', 27, 24, '2021-12-17 00:42:11', 0, NULL),
(122, 'Rudiments of poultry farming', 'If we start counting our chickens before they hatch, they won\'t lay any eggs in the basket.', 27, 24, '2021-12-17 00:42:46', 0, NULL),
(123, 'Only one Peter Shilton', 'What can I say about Peter Shilton? Peter Shilton is Peter Shilton, and he has been Peter Shilton since the year dot.', 27, 84, '2021-12-17 00:43:05', 0, NULL),
(124, 'Winning by draws', 'Any team can beat any other in this league and just to prove it there were seven draws yesterday.', 128, 95, '2021-12-17 00:43:43', 0, NULL),
(125, 'Jolly Martin', 'I\'m not someone to fear things. They say in Holland \'have no fear, Jolly is here\'!', 129, 30, '2021-12-17 00:44:13', 0, NULL),
(126, 'Sweet smell of improvement', 'I think there was just a little change today and I started to smell that things were improving a little bit.', 130, 21, '2021-12-17 00:44:37', 0, NULL),
(127, 'Learning quickly', 'I\'ve learned that you have to score goals to win games.', 131, 18, '2021-12-17 00:45:00', 0, NULL),
(128, 'In the end', 'In the end, Rosicky initially did well.', 135, 14, '2021-12-17 14:44:54', 0, NULL),
(129, 'It\'s what they do', 'The thing about goalscorers is that they score goals.', 136, 93, '2021-12-17 14:45:29', 0, NULL),
(130, 'Under pressure', 'The last six games of the Invincibles season were the most pressurised, because we were under pressure.', 137, 14, '2021-12-17 14:46:05', 0, NULL),
(131, 'Guttering', 'Not to win is guttering.', 138, 20, '2021-12-17 14:46:31', 0, NULL),
(132, 'Crisis of confidence', 'Reading won\'t have the confidence to be confident.', 139, 31, '2021-12-17 14:47:06', 0, NULL),
(133, 'Significant changes', 'The one significant change is, in fact, the second significant change.', 140, 93, '2021-12-17 14:47:50', 0, NULL),
(134, 'Black, white, and yellow', 'For those of you watching in black and white, Spurs are in the all-yellow strip.', 71, 93, '2021-12-17 14:48:25', 0, NULL),
(135, 'They can score', 'You don\'t score 64 goals in 86 games at the highest level without being able to score goals.', 79, 93, '2021-12-17 14:49:09', 0, NULL),
(136, 'Acres of time', 'Matty Jarvis had acres of time there.', 141, 20, '2021-12-17 14:50:11', 0, NULL),
(137, 'Unprecedented', 'It\'s an unprecedented precedent.', 142, 93, '2021-12-17 14:50:59', 0, NULL),
(138, 'Eyes closed', 'If you closed your eyes, you couldn\'t tell the difference between the two sides.', 143, 93, '2021-12-17 14:51:50', 0, NULL),
(139, 'Dribbles', 'He dribbles a lot, and the opposition don\'t like it - you can see it all over their faces.', 56, 96, '2021-12-17 14:52:23', 0, NULL),
(140, 'Praise indeed', 'They\'re the second-best team in the world, and there\'s no higher praise than that.', 19, 84, '2021-12-17 23:27:16', 0, NULL),
(141, 'Win or lose!?', 'A game is not won until it is lost.', 33, 84, '2021-12-17 23:28:48', 0, NULL),
(142, 'Unsettled', 'I couldn\'t settle in Italy. It was like living in a foreign country.', 45, 18, '2021-12-17 23:29:33', 0, NULL),
(143, 'One way only', 'There are two ways of getting the ball. One is from your own team-mates, and that\'s the only way.', 61, 84, '2021-12-17 23:30:57', 0, NULL),
(144, 'Definitely leaving', 'A contract on a piece of paper, saying you want to leave, is like a piece of paper saying you want to leave.', 78, 14, '2021-12-17 23:31:42', 0, NULL),
(145, 'Dressing difficulties', 'I always used to put my right boot on first, and then obviously my right sock.', 25, 84, '2021-12-17 23:33:13', 0, NULL),
(146, 'Six years of neglect', 'My parents have been there for me, ever since I was about 7.', 31, 16, '2021-12-17 23:35:31', 0, NULL),
(147, 'Not bothered', 'I would not be bothered if we lost every game as long as we won the league.', 145, 76, '2021-12-17 23:39:24', 0, NULL),
(148, 'Lazy days', 'If you don\'t believe you can win, there is no point in getting out of bed at the end of the day.', 146, 21, '2021-12-17 23:40:30', 0, NULL),
(149, 'Italian giants', 'I\'d like to play for an Italian club, like Barcelona.', 147, 97, '2021-12-17 23:42:43', 0, NULL),
(150, 'Never done his best', 'One accusation you can\'t throw at me is that I\'ve always done my best.', 21, 24, '2021-12-17 23:44:01', 0, NULL),
(151, 'Accuracy required', 'All that remains is for a few dots and commas to be crossed.', 148, 30, '2021-12-17 23:45:07', 0, NULL),
(152, 'Not harsh at all', 'Without being too harsh on David Beckham, he cost us the match.', 46, 84, '2021-12-17 23:45:43', 0, NULL),
(153, 'Unfair advantage', 'Germany are a very difficult team to play - they had 11 internationals out there today.', 149, 87, '2021-12-17 23:46:32', 0, NULL),
(154, 'Yoyo dieting', 'He\'s put on weight, and I\'ve lost it, and vice versa.', 150, 18, '2021-12-17 23:47:46', 0, NULL),
(157, 'We remember', 'The problem with my life is that I’ve said too much s**t in the past and no-one forgets it.', 158, 18, '2021-12-20 15:17:55', 0, NULL),
(158, 'Finish ahead', 'If you\'re going to win the Premier League, you\'re going to have to finish ahead of Chelsea and Manchester City.', 42, 95, '2021-12-20 15:18:41', 0, NULL),
(159, 'On Mourinho', 'I don’t give a sh*te to be honest. He can’t take it, can he? He can’t take it because we’ve out-tactic-ed him, out-witted him. He just can’t cope. He can tell me all he wants.', 102, 20, '2021-12-20 15:19:29', 0, NULL),
(160, 'Chelsea fun', 'I love to see Chelsea players moaning at the referee, trying to intimidate the officials, and Jose jumping up and down in his technical area. It’s great to see.', 102, 20, '2021-12-20 15:20:00', 0, NULL),
(161, 'Looking down', 'When I’ve nothing better to do, I look down the league table to see how Everton are getting along.', 159, 18, '2021-12-20 15:24:21', 0, NULL),
(162, 'Knee to face', 'Sandro’s holding his face, from that you can tell it’s a knee injury.', 160, 93, '2021-12-20 15:25:05', 0, NULL),
(163, 'Suits you', 'If Chelsea are naive and pure then I\'m Little Red Riding Hood.', 131, 18, '2021-12-20 15:25:38', 0, NULL),
(164, 'Unstoppable', 'What a shot! That’s completely unstoppable, but the keeper’s got to do better for me.', 161, 16, '2021-12-20 15:26:34', 0, NULL),
(165, 'Inappropriate management', 'We have to keep the ball better and we have to move the ball quicker – that’s always what we have to do. Desire…it is a great word. I often use the word “horny” with my players.', 162, 16, '2021-12-20 15:27:22', 0, NULL),
(166, 'Omelette?', 'It is omelettes and eggs. No eggs – no omelettes! It depends on the quality of the eggs.', 163, 19, '2021-12-20 15:28:04', 0, NULL),
(167, 'More omelette woes', 'In the supermarket you have class one, two or class three eggs and some are more expensive than others and some give you better omelettes. So when the class one eggs are in Waitrose and you cannot go there, you have a problem.', 163, 19, '2021-12-20 15:28:54', 0, NULL),
(168, 'Self-mentoring', 'My biggest mentor is myself because I’ve had to study and that’s been my biggest influence.', 164, 18, '2021-12-20 15:29:24', 0, NULL),
(169, 'Not aged well', 'Phil Jones, arguably the way he is looking, could be our best ever player. I think Jones may be one of the best players we have ever had, not matter where we play him.', 22, 16, '2021-12-20 15:30:00', 0, NULL),
(170, 'GOAT ', 'At 21 years of age, he is going to be a phenomenal player. I think he can play anywhere on the pitch.', 22, 16, '2021-12-20 15:30:26', 0, NULL),
(171, 'Arrogant', 'Please don’t call me arrogant, but I’m European champion and I think I’m a special one.', 163, 19, '2021-12-20 15:30:58', 0, NULL),
(172, 'Negative spin', 'OK, so we lost, but good things can come from it; negative and positive.', 41, 84, '2021-12-20 15:31:29', 0, NULL),
(173, 'Not Sunday', 'It can\'t be Sunday every day. There are also Mondays and Tuesdays.', 165, 17, '2021-12-20 15:32:34', 0, NULL),
(174, 'Double harder', 'Scoring goals is the hardest thing in football, but doing it in a struggling team is double harder.', 139, 14, '2021-12-20 15:32:56', 0, NULL),
(175, 'End to side', 'It\'s end to end stuff, but from side to side.', 62, 93, '2021-12-20 15:33:24', 0, NULL),
(176, 'Not the best', 'I wouldn’t say I was the best manager in the business, but I was in the top one.', 166, 68, '2021-12-20 15:34:03', 0, NULL),
(177, 'In the middle', 'We are now in the middle of the centre of the first half.', 33, 30, '2021-12-20 15:35:12', 0, NULL),
(178, 'No sausages', 'If you eat caviar every day it\'s difficult to return to sausages.', 24, 14, '2021-12-20 15:35:33', 0, NULL),
(179, 'Romanians', 'Romania are more Portuguese than German.', 25, 93, '2021-12-20 15:36:21', 0, NULL),
(180, 'Thick and fast', 'The atmosphere is thick and fast.', 29, 95, '2021-12-20 15:36:47', 0, NULL),
(181, 'Words', 'Tense and nervous are not the words, though they are the words.', 29, 95, '2021-12-20 15:37:09', 0, NULL),
(182, 'Intent', 'Barnsley have started off the way they mean to begin.', 29, 95, '2021-12-20 15:37:36', 0, NULL),
(183, 'All on his own', 'Nicky Shorey is the provider but Shane Long has made this all on his own.', 29, 95, '2021-12-20 15:38:02', 0, NULL),
(184, 'Statistics', 'Statistics are there to be broken.', 29, 95, '2021-12-20 15:38:25', 0, NULL),
(185, 'Beavers', 'Their football Arsenal is on another level but Spurs are fighting like beavers defending for their lives, It\'s a terrific game, still one nill. The game as a spectacle is magnificent. Spurs working like beavers but the football from Arsenal Jeff, well it\'s out of this world it\'s sensational, their carving them up as easy as…well, as easy as anything Jeff.', 29, 95, '2021-12-20 15:39:01', 0, NULL),
(186, 'Beavers again', 'Manchester City are defending like beavers.', 29, 95, '2021-12-20 15:39:39', 0, NULL),
(187, 'Must score', 'For Burnley to win they are going to have to score.', 29, 95, '2021-12-20 15:40:10', 0, NULL),
(188, 'Well done lady', 'Well done to the lady lineswoman.', 29, 95, '2021-12-20 15:40:34', 0, NULL),
(189, 'Hands in head', 'Alex McLeish has just had his hands in his head.', 29, 95, '2021-12-20 15:40:58', 0, NULL),
(190, 'Divided', 'Well, when I was at Leeds it was the best and worst time of my career, because when I was a kid it was my ambition to play for Middlesbrough, where I was born, and my dream to play for Leeds, and everyone said I couldn\'t have two teams.', 29, 76, '2021-12-20 15:41:40', 0, NULL),
(191, 'What\'s happening?', 'Papa Bouba Diop the man mountain himself is playing as a striker and he\'s got Healey one side of him and Diamante\'s coming out the over side of him, it\'s Papa Bouba Diop with the header! It\'s a goal. It\'s a goal Jeff...is it? David Healy he\'s running away. Andrew D\'Urso playing on...sorry my monitor\'s down again I\'m looking over my shoulder, I don\'t really know the assistant, has he give it? Oh the assistant has it give it I don\'t think Jeff. No the referee hasn\'t give it either…don\'t really know what\'s happening Jeff ha ha. Could be, could be not ha ha ha!', 29, 95, '2021-12-20 15:42:18', 0, NULL),
(192, 'Missed it', 'I don\'t know Jeff has there? I must have missed that. Is it a red card? I don\'t know, I don\'t know the rain must have got in my eyes Jeff. No you\'re right I saw him go off but I thought they were bringing a sub on Jeff. Still nil nil ha ha!', 29, 95, '2021-12-20 15:42:42', 0, NULL),
(193, 'Million times', 'I\'ve told you a million times, I don\'t exaggerate.', 167, 95, '2021-12-20 15:43:37', 0, NULL),
(194, 'Strong believer', 'I\'m a strong believer that if you score goals, you win matches.', 167, 95, '2021-12-20 15:44:02', 0, NULL),
(195, 'Class', 'What does Arsenal mean? It means class. The structure of the Club, everything has a classy feel about it. It isn\'t always about success, there is more than that and this is what makes it a cut above the rest.', 167, 14, '2021-12-20 15:44:23', 0, NULL),
(196, 'Pacey', 'What Newcastle lack is a lack of pace.', 167, 95, '2021-12-20 15:44:48', 0, NULL),
(198, 'sssnew summ', 'sssnew quote', NULL, NULL, '2021-12-20 16:16:48', 0, NULL),
(199, 'So close', 'That would’ve been a goal had it gone inside the post.', 161, 84, '2021-12-20 22:04:16', 0, NULL),
(200, 'No tattoos', 'I don’t have any tattoos, but that’s mainly because none of my limbs are wide enough to support a visible image.', 132, 84, '2021-12-20 22:04:52', 0, NULL),
(201, 'Milk', 'White liquid in a bottle has to be milk.', 131, 18, '2021-12-20 22:05:16', 0, NULL),
(202, 'Prettiest wife', 'Everyone thinks they have the prettiest wife at home.', 24, 14, '2021-12-20 22:05:44', 0, NULL),
(203, 'Built on sand', 'Manchester City are built on sand and I don’t mean that because their owners are from the Arab countries.', 19, 17, '2021-12-20 22:06:17', 0, NULL),
(204, 'Sugar priest', 'Some people cannot see a priest on a mountain of sugar', 131, 18, '2021-12-20 22:06:44', 0, NULL),
(205, 'Skill', 'Football is a game of skill, we kicked them a bit and they kicked us a bit.', 168, 30, '2021-12-20 22:07:10', 0, NULL),
(206, '2%', 'We must have had 99 percent of the game. It was the other three percent that cost us the match.', 57, 24, '2021-12-20 22:07:41', 0, NULL),
(207, '4-0', 'When you are 4-0 up you should never lose 7-1.', 169, 48, '2021-12-20 22:08:42', 0, NULL),
(208, 'Balance', 'We go into the second half with United 1 – 0 up, so the game is perfectly balanced.', 170, 16, '2021-12-20 22:09:12', 0, NULL),
(209, 'Mary Poppins', 'Football managers are like a parachutist, at times, it doesn’t open. Here, it is an umbrella. You understand, Mary Poppins.', 100, 19, '2021-12-20 22:09:48', 0, NULL),
(210, 'Flawed', 'Diego Maradona – a flawed genius, who has now become a genius who is flawed.', 171, 100, '2021-12-20 22:10:51', 0, NULL),
(211, 'Cow', 'You may as well put a cow in the middle of the pitch, walking. And then stop the game because there was a cow.', 163, 19, '2021-12-20 22:11:20', 0, NULL),
(212, 'Nice pass', 'Wilkins sends an inch perfect pass to no one in particular.', 172, 84, '2021-12-20 22:11:50', 0, NULL),
(213, 'Life support', 'Ronaldo’s been given a second yellow for arguing with the life support… err, the linesman.', 173, 16, '2021-12-20 22:12:22', 0, NULL),
(214, 'Problems', 'I have a problem, which is I’m getting better at everything related to my job since I started.', 163, 19, '2021-12-20 22:12:49', 0, NULL),
(215, 'Melons', 'Young players are like melons. Only when you open and taste the melon are you 100% sure that the melon is good.', 163, 19, '2021-12-20 22:13:14', 0, NULL),
(216, 'Justice', 'Soccer is not about justice. It’s a drama and criminally wrong decisions against you are part and parcel of that.', 174, 84, '2021-12-20 22:13:55', 0, NULL),
(217, 'Simple game', 'Football is a simple game; 22 men chase a ball for 90 minutes and at the end, the Germans win.', 37, 87, '2021-12-20 22:14:24', 0, NULL),
(218, 'Where are you?', 'My wife doesn’t like football. One day she called me ten minutes before a game to find out where I was.', 132, 18, '2021-12-20 22:14:48', 0, NULL),
(219, 'No excuses', 'I’d been ill and hardly trained for a week and I’d been out of the team for three weeks before that. So I wasn’t sharp. I got cramp before half-time as well. But I’m not one to make excuses.', 175, 50, '2021-12-20 22:15:33', 0, NULL),
(220, 'Not an iceberg', 'Apparently it’s my fault that the Titanic sank.', 176, 39, '2021-12-20 22:16:28', 0, NULL),
(221, 'Shocking Brazilians', 'The Brazilians were shocked, and I supposed that’s why they didn’t tackle me, because they thought there was no way an Englishman is going to do this.', 177, 84, '2021-12-20 22:17:05', 0, NULL),
(222, 'Tactics', 'Players lose you games, not tactics. There’s so much crap talk about tactics by people who barely know how to win at dominos.', 166, 68, '2021-12-20 22:17:28', 0, NULL),
(223, 'Pasta?', 'When an Italian tells me it’s pasta on the plate, I check under the sauce to make sure. They are the inventors of the smokescreen.', 22, 16, '2021-12-20 22:18:06', 0, NULL),
(224, 'Custard', 'He’s six foot four and made of custard.', 51, 93, '2021-12-20 22:18:34', 0, NULL),
(225, 'Orange', 'What Carew does with a football, I can do with an orange.', 178, 101, '2021-12-20 22:19:29', 0, NULL),
(226, 'Sexy boy', 'They didn’t get angry because I took my shirt off and got booked, they saw my physique and got jealous.', 179, 17, '2021-12-20 22:19:57', 0, NULL),
(227, 'Liverpool greats', 'This city has two great teams – Liverpool and Liverpool reserves.', 26, 18, '2021-12-20 22:20:24', 0, NULL),
(228, 'Curtains', 'If Everton were playing down the bottom of my garden, I’d draw the curtains.', 26, 18, '2021-12-20 22:20:46', 0, NULL),
(229, 'Fell asleep', 'I tried to watch the Tottenham match on television in my hotel, but I fell asleep.', 24, 30, '2021-12-20 22:21:31', 0, NULL),
(230, 'No goals', 'I watched Arsenal in the Champions League the other week, playing some of the best football I’ve ever seen and yet they couldn’t have scored in a brothel with two grand in their pockets.', 176, 14, '2021-12-20 22:22:04', 0, NULL),
(231, 'Noisy neighbours', 'Sometimes you have a noisy neighbour. You cannot do anything about that. They will always be noisy. You just have to get on with your life, put your television on, and turn it up a bit louder.', 22, 16, '2021-12-20 22:22:33', 0, NULL),
(232, 'Blackpool', 'I love Blackpool. We’re very similar. We both look better in the dark!', 176, 39, '2021-12-20 22:22:57', 0, NULL),
(233, 'Heart on sleeve', 'There was a time in the second half when I took my heart off my sleeve and put it in my mouth.', 176, 39, '2021-12-20 22:23:32', 0, NULL),
(234, 'Bad boy', 'John Hartson’s got more previous than Jack the Ripper.', 180, 30, '2021-12-20 22:24:03', 0, NULL),
(235, 'Adapting', 'Djimi Traore had to adapt to the English game, and he did that by going out on loan to Lens last season.', 45, 18, '2021-12-20 22:24:29', 0, NULL),
(236, 'No pleasing some', 'If people had seen me walking on water, you can be sure someone, somewhere would have complained ‘look at that Berti Vogts, he can’t even swim’.', 181, 87, '2021-12-20 22:25:05', 0, NULL),
(237, 'Cool ', 'Messi, you could drop a tarantula into his shorts and he’ll still be cool.', 182, 100, '2021-12-20 22:25:33', 0, NULL),
(238, 'Tactical help', 'I sorted out the team formation last night lying in bed with the wife. When your husband’s as ugly as me, you’d only want to talk football in bed.', 180, 30, '2021-12-20 22:26:19', 0, NULL),
(239, 'Nine out of ten', 'Maka’s normally a one-in-ten man. Most players score nine out of ten, but he misses nine out of ten.', 183, 19, '2021-12-20 22:26:43', 0, NULL),
(240, 'Not afraid', 'I’m more afraid of my mum than Sven-Goran Eriksson or David Moyes.', 185, 16, '2021-12-20 22:27:48', 0, NULL),
(241, 'Tea bag', 'We’re like a bad tea-bag – we never stay in the cup that long.', 176, 39, '2021-12-20 22:28:09', 0, NULL),
(242, 'Not listening', 'Then Guardiola started his philosopher thing. I was barely listening. Why would I? It was advanced bulls**t about blood, sweat and tears, that kind of stuff.', 178, 97, '2021-12-20 22:29:44', 0, NULL),
(243, 'Legend', 'I came like a hero, left like a legend.', 178, 97, '2021-12-20 22:30:49', 0, NULL),
(244, 'Trawler', 'When the seagulls follow the trawler, it is because they think sardines will be thrown into the sea.', 35, 16, '2021-12-20 22:31:22', 0, NULL),
(245, 'Unpoetic', 'If a Frenchman goes on about seagulls, trawlers, and sardines, he’s called a philosopher. I’d just be called a short Scottish bum talking crap.', 134, 36, '2021-12-20 22:31:58', 0, NULL),
(246, 'Talking rubbish', 'I might have said that, but on the whole I talk a lot of rubbish.', 35, 16, '2021-12-20 22:32:36', 0, NULL),
(247, 'Not worth watching', 'One thing is for sure, a World Cup without me is nothing to watch so it is not worthwhile to wait for the World Cup.', 178, 101, '2021-12-20 22:33:12', 0, NULL),
(248, 'Just an analogy?', 'If you’re a burglar, it’s no good poncing about outside somebody’s house, looking good with your swag bad ready. Just get in there, burgle them and come out. I don’t advocate that obviously. It’s just an analogy.', 176, 39, '2021-12-20 22:33:40', 0, NULL),
(249, 'Bloodthirsty', 'Giving Cristiano that much time and space on the ball is like giving Dracula the keys to the blood bank.', 182, 16, '2021-12-20 22:34:07', 0, NULL),
(250, 'Jack Russell', 'In the first half we were like the Dog and Duck, in the second half like Real Madrid, We can’t go on like that. At full-time I was like an irritated Jack Russell.', 176, 39, '2021-12-20 22:34:35', 0, NULL),
(251, 'Barnsley girls', 'The local girls are far uglier than the ones back in Belgrade or Skopje, the capital of Macedonia, where I come from. Our women are much prettier. Besides, they don’t drink as much beer as the Barnsley girls.', 184, 102, '2021-12-20 22:35:57', 0, NULL),
(252, 'Woof', 'Every dog has its day and today is woof day! Today I just want to bark.', 176, 39, '2021-12-20 22:36:22', 0, NULL),
(253, 'Chuffed', 'I couldn’t be more chuffed if I were a badger at the start of the mating season.', 176, 39, '2021-12-20 22:36:47', 0, NULL),
(254, 'Jessica Rabbit', 'This is not just a dream, this is a wet dream of orgasmic proportions. It’s got more curves than Jessica Rabbit on steroids.', 182, 24, '2021-12-20 22:37:38', 0, NULL),
(255, 'On the pull', 'To put it in gentlemen’s terms. If you’ve been for a night out and you’re looking for a young lady and you pull one, you’ve done what you set out to do. We didn’t look our best today, but we pulled. Some weeks the lady is good looking and some weeks she’s not. Our performance today would have been not the best-looking bird, but at least we got her in the taxi. She may not have been the best-looking lady we ended up taking home, but it was still very pleasant and very nice, so thanks very much and let’s have coffee.', 176, 39, '2021-12-20 22:38:16', 0, NULL),
(257, 'For the fish', 'The man who comes to take care of my piranhas told me that if I left West Ham he would kill all my fish.', 116, 20, '2022-01-03 11:48:03', 0, NULL),
(258, 'Belching and farting', 'Doping in English football is restricted to lager and baked beans with sausages. After which the players take to the field, belching and farting. English football culture is one of pure, intense competition, and that\'s why I have always preferred it to Italy.', 116, 20, '2022-01-03 11:49:19', 0, NULL),
(259, 'Transition', 'The shopping is not finished and before the pre-season starts I would like to bring in another two players. I like shopping, maybe I have become a woman.', 116, 20, '2022-01-03 11:49:54', 0, NULL),
(260, 'David James', 'David James is a cretin.', 116, 20, '2022-01-03 11:50:23', 0, NULL),
(261, 'The broom.', 'I think we are all frightened a little bit when a new broom starts to sweep.', 113, 261, '2022-01-03 11:51:41', 0, NULL),
(265, 'Where?', 'He was in the right place at the right time, but he might have been elsewhere on a different afternoon.', 133, 93, '2022-01-10 13:30:53', 0, NULL),
(266, 'Ageless', 'The ageless Teddy Sheringham, 37 now.', 133, 30, '2022-01-10 13:31:24', 0, NULL),
(267, 'Licking wounds', 'They\'ve kicked our backsides... we\'ve got to lick our wounds.', 113, 104, '2022-01-10 13:32:38', 0, NULL),
(272, 'Old money', 'They\'ve got to retreat ten metres, or ten yards in old money.', 190, 93, '2022-01-10 13:58:51', 0, NULL),
(273, 'Can of thinking', 'Pompey need to open Bolton’s can of defensive thinking.', 191, 33, '2022-01-10 13:59:25', 0, NULL),
(274, 'Gary Neville?', 'Paul Scholes with four players in front of him - five if you count Gary Neville.', 192, 16, '2022-01-10 14:00:05', 0, NULL),
(275, 'Sixpence', 'He turned on a sixpence like a thoroughbred horse.', 193, 93, '2022-01-10 14:00:30', 0, NULL),
(276, 'A good scratch', 'Neil Baker is standing on the touchline with hands in tracksuit bottoms scratching his head.', 194, 93, '2022-01-10 14:01:38', 0, NULL),
(277, 'Not time', 'The reason for the delay to the kick-off is because it\'s not yet kick-off time.', 195, 93, '2022-01-10 14:02:06', 0, NULL),
(278, 'Bubble', 'Here\'s Henry, trying to burst the bubble still further, if indeed it needs more bursting.', 196, 14, '2022-01-10 14:02:35', 0, NULL),
(279, 'Older', 'He\'s 31 this year - last year he was 30.', 197, 93, '2022-01-10 14:03:15', 0, NULL),
(280, 'Ageless player', 'The ageless Dennis Wise, now in his thirties.', 189, 19, '2022-01-10 14:05:35', 0, NULL),
(281, 'Hoping', 'The Italians are hoping for an Italian victory.', 197, 106, '2022-01-10 14:06:01', 0, NULL),
(282, 'If only', 'If that had gone in, it would have been a goal.', 197, 93, '2022-01-10 14:06:56', 0, NULL),
(283, 'Almost everything', 'Neil Sullivan has stopped absolutely everything have thrown at him...Wimbledon 1, Manchester United 1.', 74, 107, '2022-01-10 14:07:33', 0, NULL),
(284, 'Stroking', 'Martin O\'Neill, standing, hands on hips, stroking his chin.', 74, 15, '2022-01-10 14:08:01', 0, NULL),
(285, 'Positivity', 'Such a positive move by Uruguay - bringing 2 players off and putting 2 players on.', 199, 108, '2022-01-10 14:08:27', 0, NULL),
(286, 'Making a meal', 'The Uruguayans are losing no time in making a meal around the referee.', 74, 108, '2022-01-10 14:08:53', 0, NULL),
(287, 'Tossed', 'I don’t like to see players tossed off needlessly.', 200, 95, '2022-01-11 22:09:02', 0, NULL),
(288, 'The Dutch', 'To play Holland, you have to play the Dutch.', 57, 109, '2022-01-11 22:10:42', 0, NULL),
(289, 'Didn\'t win', 'We lost because we didn’t win.', 201, 16, '2022-01-12 15:03:21', 0, NULL),
(290, '7-1', 'When you are 4-0 up you should never lose 7-1.', 169, 48, '2022-01-12 15:03:52', 0, NULL),
(291, 'He\'s busy', 'I was watching the Blackburn game on TV on Sunday when it flashed on the screen that George (Ndah) had scored in the first minute at Birmingham. My first reaction was to ring him up. Then I remembered he was out there playing.', 202, 110, '2022-01-12 15:04:27', 0, NULL),
(292, 'Marginal', 'The margin is very marginal.', 27, 24, '2022-01-12 15:05:16', 0, NULL),
(293, 'Stroking', 'Ardiles strokes the ball like it is part of his own anatomy.', 195, 30, '2022-01-12 15:05:41', 0, NULL),
(294, 'Loveable lump', 'Didier Drogba’s just a big loveable lump. Graham Norton seemed to get inside him last night.', 187, 96, '2022-01-12 15:07:02', 0, NULL),
(295, 'Eternity not enough', 'Oh he had an eternity to play that ball, but he took too long over it.', 189, 95, '2022-01-12 15:08:35', 0, NULL),
(296, 'Deja vu', 'Spurs have been here before at White Hart Lane.', 187, 96, '2022-01-12 15:09:32', 0, NULL),
(297, 'Still raining', 'Despite the rain, it’s still raining here at Old Trafford.', 72, 16, '2022-01-12 15:10:12', 0, NULL),
(298, 'Head', 'That’s exactly how you head a ball…you use your head.', 65, 19, '2022-01-12 15:10:42', 0, NULL),
(299, 'Never again', 'I’ll never play at Wembley again, unless I play at Wembley again.', 19, 84, '2022-01-12 15:11:12', 0, NULL),
(300, 'Score goals', 'Sometimes in football you have to score goals.', 204, 14, '2022-01-12 15:11:42', 0, NULL),
(301, 'Firm believer', 'I am a firm believer that if you score one goal the other team have to score two to win.', 44, 27, '2022-01-12 15:12:10', 0, NULL),
(302, 'What a difference', 'The goals made such a difference to the way this game went.', 71, 93, '2022-01-12 15:12:36', 0, NULL),
(303, 'Under 22', 'The Germans only have one player under 22, and he’s 23.', 19, 87, '2022-01-12 15:13:18', 0, NULL),
(304, 'The best', 'Alex Ferguson is the best manager I’ve ever had at this level. Well, he’s the only manager I’ve actually had at this level. But he’s the best manager I’ve ever had.', 31, 16, '2022-01-12 15:13:45', 0, NULL),
(305, 'Clever', 'Some people think that I haven’t got the brains to be that clever.', 31, 16, '2022-01-12 15:14:13', 0, NULL),
(306, 'Open legs', 'Once Tony Daley opens his legs you\'ve got a problem.', 44, 15, '2022-01-12 15:14:56', 0, NULL),
(307, 'Unsighted', 'The keeper was unsighted – he still didn’t see it.', 56, 96, '2022-01-12 15:15:57', 0, NULL),
(308, 'Doing his business', 'Jordan Henderson is a player who likes to do his business in the middle of the park.', 205, 18, '2022-01-12 15:16:29', 0, NULL),
(309, 'Jack and Goliath', 'The beauty of cup football is that Jack always has a chance of beating Goliath.', 206, 93, '2022-01-12 15:17:26', 0, NULL),
(310, 'One of them', 'I think one of these teams could win this.', 135, 96, '2022-01-12 15:18:15', 0, NULL),
(311, 'Backwards', 'If you stand still there is only one way to go, and that’s backwards.', 207, 84, '2022-01-12 15:18:56', 0, NULL),
(312, 'Vertical', 'The ref was vertically 15 yards away.', 19, 24, '2022-01-12 15:19:26', 0, NULL),
(313, 'Dicks everywhere', 'Julian Dicks is everywhere. It’s like they have eleven Dicks on the field.', 208, 93, '2022-01-12 15:19:54', 0, NULL),
(314, 'Use feet', 'Footballers these days often have to use their feet.', 161, 111, '2022-01-12 15:20:42', 0, NULL),
(315, 'Fantastically wide', 'That’s a fantastic penalty, but he’ll be gutted it went wide.', 161, 111, '2022-01-12 15:21:08', 0, NULL),
(316, 'Score', 'When they don’t score, they hardly ever win.', 161, 111, '2022-01-12 15:21:30', 0, NULL),
(317, 'Goal scorers', 'The thing about goal scorers is that they score goals.', 136, 21, '2022-01-12 15:22:31', 0, NULL),
(318, 'Exciting', 'Sometimes you want Obertan to open his legs and do something a bit exciting.', 117, 24, '2022-01-12 15:40:15', 0, NULL),
(319, 'Last kick', 'Giroud scored a brilliant header with the last kick of the game.', 29, 14, '2022-01-12 15:40:41', 0, NULL),
(320, 'Damp squid', 'It was a damp squid for Liverpool.', 139, 18, '2022-01-12 15:41:10', 0, NULL),
(321, 'Knock it long', 'When Everton knock it long, they don’t knock it long.', 139, 21, '2022-01-12 15:41:38', 0, NULL),
(322, 'Dice', 'Liverpool have just rolled the last bit of dice.', 139, 18, '2022-01-12 15:42:00', 0, NULL);

-- --------------------------------------------------------

--
-- Table structure for table `teams`
--

DROP TABLE IF EXISTS `teams`;
CREATE TABLE IF NOT EXISTS `teams` (
  `id` int(11) NOT NULL AUTO_INCREMENT,
  `name` varchar(30) DEFAULT NULL,
  `country` varchar(30) DEFAULT NULL,
  PRIMARY KEY (`id`),
  UNIQUE KEY `name` (`name`)
) ENGINE=MyISAM AUTO_INCREMENT=112 DEFAULT CHARSET=latin1;

--
-- Dumping data for table `teams`
--

INSERT INTO `teams` (`id`, `name`, `country`) VALUES
(15, 'Aston Villa', 'England'),
(14, 'Arsenal', 'England'),
(16, 'Manchester United', 'England'),
(17, 'Manchester City', 'England'),
(18, 'Liverpool', 'England'),
(19, 'Chelsea', 'England'),
(20, 'West Ham', 'England'),
(21, 'Everton', 'England'),
(104, 'Wigan', 'England'),
(24, 'Newcastle United', 'England'),
(26, 'Middlesbrough', 'England'),
(27, 'Sunderland', 'England'),
(29, 'Fulham', 'England'),
(30, 'Tottenham Hotspur', 'England'),
(31, 'Reading', 'England'),
(33, 'Bolton Wanderers', 'England'),
(107, 'Wimbledon', 'England'),
(36, 'Coventry ', 'England'),
(105, 'Juventus', 'Italy'),
(106, 'Italy', 'International'),
(39, 'Blackpool', 'England'),
(40, 'Stoke City', 'England'),
(43, 'Burnley', 'England'),
(44, 'Ipswich Town', 'England'),
(48, 'Southampton', 'England'),
(50, 'Crystal Palace', 'England'),
(110, 'Blackburn', 'England'),
(111, 'BT Sport', 'England'),
(103, 'Brighton', 'England'),
(60, 'Southend United', 'England'),
(68, 'Nottingham Forrest', 'England'),
(108, 'Uruguay', 'International'),
(109, 'Holland', 'International'),
(76, 'Leeds United', 'England'),
(78, 'Glasgow Rangers', 'Scotland'),
(84, 'England', 'International'),
(87, 'Germany', 'International'),
(89, 'Real Betis', 'Spain'),
(90, 'Inter', 'Italy'),
(91, 'Republic of Ireland', 'International'),
(93, 'BBC', 'England'),
(94, 'Evening Standard', 'England'),
(95, 'Sky Sports', 'England'),
(96, 'ITV', 'England'),
(97, 'Barcelona', 'Spain'),
(100, 'Argentina', 'International'),
(101, 'Sweden', 'International'),
(102, 'Barnsley', 'England');

-- --------------------------------------------------------

--
-- Table structure for table `users`
--

DROP TABLE IF EXISTS `users`;
CREATE TABLE IF NOT EXISTS `users` (
  `id` int(11) NOT NULL AUTO_INCREMENT,
  `username` varchar(30) DEFAULT NULL,
  `password` varchar(30) DEFAULT NULL,
  `fname` varchar(30) DEFAULT NULL,
  `lname` varchar(30) DEFAULT NULL,
  `email` varchar(30) DEFAULT NULL,
  `joined` datetime DEFAULT NULL,
  `last_active` datetime DEFAULT NULL,
  PRIMARY KEY (`id`)
) ENGINE=MyISAM DEFAULT CHARSET=latin1;
COMMIT;

